InitialFLOW,Collateral,Debt,YieldUnits,Health
100.000000000,100.000000000,61.538461538,61.538461538,1.300000000
500.000000000,500.000000000,307.692307692,307.692307692,1.300000000
1000.000000000,1000.000000000,615.384615385,615.384615385,1.300000000
5000.000000000,5000.000000000,3076.923076923,3076.923076923,1.300000000
10000.000000000,10000.000000000,6153.846153846,6153.846153846,1.300000000
